{
  "0": {
    "weighted_f1-score": 0.6553309294630657,
    "label_score": {
      "BIKES": 0.1293532338308458,
      "SPORTS": 0.7426160337552742,
      "ANIME": 0.7384091875797534,
      "AUTO-MOTO": 0.6610486891385767,
      "NATURE": 0.5388127853881279,
      "METAL-DETECTING": 0.5038639876352395,
      "MEDICINE-AESTHETICS": 0.7018867924528301,
      "CELEBRITIES": 0.6855439642324889,
      "SMOKE": 0.6595460614152203,
      "ENTERTAINMENT": 0.4581005586592179
    }
  },
  "1": {
    "weighted_f1-score": 0.656851754085696,
    "label_score": {
      "BIKES": 0.03529411764705883,
      "SPORTS": 0.7462919594067136,
      "ANIME": 0.7417721518987341,
      "AUTO-MOTO": 0.6840360018948366,
      "NATURE": 0.49166666666666664,
      "METAL-DETECTING": 0.5073313782991203,
      "MEDICINE-AESTHETICS": 0.6891385767790262,
      "CELEBRITIES": 0.6744868035190617,
      "SMOKE": 0.664021164021164,
      "ENTERTAINMENT": 0.39106145251396646
    }
  },
  "2": {
    "weighted_f1-score": 0.6456524267346351,
    "label_score": {
      "BIKES": 0.012738853503184712,
      "SPORTS": 0.7371294851794072,
      "ANIME": 0.7301194890811702,
      "AUTO-MOTO": 0.6871401151631478,
      "NATURE": 0.5210084033613445,
      "METAL-DETECTING": 0.47747747747747754,
      "MEDICINE-AESTHETICS": 0.6615969581749049,
      "CELEBRITIES": 0.6676342525399128,
      "SMOKE": 0.6435006435006435,
      "ENTERTAINMENT": 0.24999999999999997
    }
  },
  "3": {
    "weighted_f1-score": 0.6130831709573673,
    "label_score": {
      "BIKES": 0.0,
      "SPORTS": 0.7078189300411523,
      "ANIME": 0.7186963979416809,
      "AUTO-MOTO": 0.6590389016018305,
      "NATURE": 0.42857142857142855,
      "METAL-DETECTING": 0.42948717948717946,
      "MEDICINE-AESTHETICS": 0.5517241379310345,
      "CELEBRITIES": 0.6185567010309279,
      "SMOKE": 0.6076923076923076,
      "ENTERTAINMENT": 0.2695035460992907
    }
  },
  "4": {
    "weighted_f1-score": 0.650613174623288,
    "label_score": {
      "BIKES": 0.08383233532934131,
      "SPORTS": 0.738197424892704,
      "ANIME": 0.747422680412371,
      "AUTO-MOTO": 0.6812267657992566,
      "NATURE": 0.4680851063829787,
      "METAL-DETECTING": 0.48377581120943947,
      "MEDICINE-AESTHETICS": 0.6265060240963856,
      "CELEBRITIES": 0.6811594202898551,
      "SMOKE": 0.6311787072243346,
      "ENTERTAINMENT": 0.43678160919540227
    }
  },
  "5": {
    "weighted_f1-score": 0.6429472315914722,
    "label_score": {
      "BIKES": 0.02484472049689441,
      "SPORTS": 0.7235678585159554,
      "ANIME": 0.7314814814814814,
      "AUTO-MOTO": 0.6738721804511278,
      "NATURE": 0.5096153846153847,
      "METAL-DETECTING": 0.48615384615384616,
      "MEDICINE-AESTHETICS": 0.6642857142857141,
      "CELEBRITIES": 0.6836581709145427,
      "SMOKE": 0.6342710997442456,
      "ENTERTAINMENT": 0.441860465116279
    }
  },
  "6": {
    "weighted_f1-score": 0.6462399599744723,
    "label_score": {
      "BIKES": 0.03636363636363637,
      "SPORTS": 0.7289860535243121,
      "ANIME": 0.7309817254568636,
      "AUTO-MOTO": 0.6935405536668285,
      "NATURE": 0.5185185185185185,
      "METAL-DETECTING": 0.49851632047477745,
      "MEDICINE-AESTHETICS": 0.6816479400749063,
      "CELEBRITIES": 0.6492753623188405,
      "SMOKE": 0.6397919375812745,
      "ENTERTAINMENT": 0.3687150837988827
    }
  },
  "7": {
    "weighted_f1-score": 0.647050926016653,
    "label_score": {
      "BIKES": 0.047337278106508875,
      "SPORTS": 0.7403958090803259,
      "ANIME": 0.7367528613819415,
      "AUTO-MOTO": 0.6689386562804285,
      "NATURE": 0.5394190871369295,
      "METAL-DETECTING": 0.45675675675675675,
      "MEDICINE-AESTHETICS": 0.6690140845070423,
      "CELEBRITIES": 0.6888217522658611,
      "SMOKE": 0.6465968586387435,
      "ENTERTAINMENT": 0.39080459770114945
    }
  },
  "8": {
    "weighted_f1-score": 0.6407950646676415,
    "label_score": {
      "BIKES": 0.06521739130434782,
      "SPORTS": 0.7391646966115052,
      "ANIME": 0.7230125523012553,
      "AUTO-MOTO": 0.6577777777777777,
      "NATURE": 0.5112107623318385,
      "METAL-DETECTING": 0.4503311258278146,
      "MEDICINE-AESTHETICS": 0.6521739130434783,
      "CELEBRITIES": 0.6585365853658536,
      "SMOKE": 0.6629986244841816,
      "ENTERTAINMENT": 0.44067796610169496
    }
  },
  "9": {
    "weighted_f1-score": 0.6394869545874352,
    "label_score": {
      "BIKES": 0.025,
      "SPORTS": 0.7453465346534655,
      "ANIME": 0.7343544857768053,
      "AUTO-MOTO": 0.6470588235294118,
      "NATURE": 0.4549356223175966,
      "METAL-DETECTING": 0.48553054662379425,
      "MEDICINE-AESTHETICS": 0.6008230452674896,
      "CELEBRITIES": 0.6726998491704375,
      "SMOKE": 0.6182728410513141,
      "ENTERTAINMENT": 0.4699453551912568
    }
  },
  "10": {
    "weighted_f1-score": 0.6468409352741827,
    "label_score": {
      "BIKES": 0.0,
      "SPORTS": 0.7418351477449456,
      "ANIME": 0.7377622377622377,
      "AUTO-MOTO": 0.6703550023052097,
      "NATURE": 0.5155555555555555,
      "METAL-DETECTING": 0.4659090909090909,
      "MEDICINE-AESTHETICS": 0.694980694980695,
      "CELEBRITIES": 0.6805970149253732,
      "SMOKE": 0.6369268897149938,
      "ENTERTAINMENT": 0.4318181818181818
    }
  },
  "11": {
    "weighted_f1-score": 0.6454233503638843,
    "label_score": {
      "BIKES": 0.06097560975609756,
      "SPORTS": 0.7325842696629213,
      "ANIME": 0.74375,
      "AUTO-MOTO": 0.6634059582036461,
      "NATURE": 0.5514018691588786,
      "METAL-DETECTING": 0.4909983633387888,
      "MEDICINE-AESTHETICS": 0.6170212765957447,
      "CELEBRITIES": 0.6666666666666666,
      "SMOKE": 0.644718792866941,
      "ENTERTAINMENT": 0.3917525773195876
    }
  },
  "12": {
    "weighted_f1-score": 0.6524228246889249,
    "label_score": {
      "BIKES": 0.04878048780487805,
      "SPORTS": 0.7303592577970787,
      "ANIME": 0.7429547395388557,
      "AUTO-MOTO": 0.6696791685494803,
      "NATURE": 0.4821428571428572,
      "METAL-DETECTING": 0.4969512195121951,
      "MEDICINE-AESTHETICS": 0.6771653543307088,
      "CELEBRITIES": 0.6805349182763745,
      "SMOKE": 0.6606683804627249,
      "ENTERTAINMENT": 0.42696629213483145
    }
  },
  "13": {
    "weighted_f1-score": 0.6491481115331591,
    "label_score": {
      "BIKES": 0.0,
      "SPORTS": 0.7370426829268292,
      "ANIME": 0.7405475880052151,
      "AUTO-MOTO": 0.6782854451248234,
      "NATURE": 0.5178571428571428,
      "METAL-DETECTING": 0.49319213313161875,
      "MEDICINE-AESTHETICS": 0.6666666666666666,
      "CELEBRITIES": 0.6815476190476192,
      "SMOKE": 0.6423357664233577,
      "ENTERTAINMENT": 0.4210526315789474
    }
  },
  "14": {
    "weighted_f1-score": 0.6483126015940955,
    "label_score": {
      "BIKES": 0.025,
      "SPORTS": 0.735632183908046,
      "ANIME": 0.7366220735785952,
      "AUTO-MOTO": 0.6899480887210948,
      "NATURE": 0.4848484848484848,
      "METAL-DETECTING": 0.479740680713128,
      "MEDICINE-AESTHETICS": 0.6564885496183205,
      "CELEBRITIES": 0.6753246753246753,
      "SMOKE": 0.6390685640362225,
      "ENTERTAINMENT": 0.3878787878787879
    }
  },
  "15": {
    "weighted_f1-score": 0.6442209843696749,
    "label_score": {
      "BIKES": 0.0,
      "SPORTS": 0.7276958882854926,
      "ANIME": 0.7431072210065647,
      "AUTO-MOTO": 0.6614391143911439,
      "NATURE": 0.5142857142857142,
      "METAL-DETECTING": 0.4659090909090909,
      "MEDICINE-AESTHETICS": 0.6715328467153284,
      "CELEBRITIES": 0.6776119402985075,
      "SMOKE": 0.6540880503144655,
      "ENTERTAINMENT": 0.36470588235294116
    }
  },
  "16": {
    "weighted_f1-score": 0.6468418311880322,
    "label_score": {
      "BIKES": 0.0782122905027933,
      "SPORTS": 0.7295898048586221,
      "ANIME": 0.7417558886509635,
      "AUTO-MOTO": 0.6723749436683191,
      "NATURE": 0.5073170731707316,
      "METAL-DETECTING": 0.4992526158445441,
      "MEDICINE-AESTHETICS": 0.6423357664233577,
      "CELEBRITIES": 0.6715758468335787,